{"modeltypes": ["linear regression", "ridge regression", "LASSO", "elastic net", "Least angle regression (LARS)", "LARS lasso", "orthogonal matching pursuit (OMP)", "logistic regression", "stochastic gradient descent (SGD)", "perceptron", "passive-agressive algorithm", "RANSAC", "Theil-Sen", "huber regression", "polynomial (perceptron)"], "explained_variances": [-1.6644522419712855, 0.0537446383459641, 0.426199970905086, 0.48330520871443794, 0.06457225943205891, -0.025014902163485342, -0.021931136781334626, -0.008230452674897082, 0.10185996263957409, -6.399725231472782, 0.3202679743299117, 0.3202679743299117, -1.648416580373532, -0.5681293421096154, -0.05020576131687271], "mean_absolute_errors": [0.6563885935200516, 0.3668547440343657, 0.2727395508883502, 0.2546914758239558, 0.4775449603490438, 0.5015479508573837, 0.38981408177729776, 0.25252525252525254, 0.4074101249691348, 0.9705525405771749, 0.32883094013001796, 0.32883094013001796, 0.6744186936074719, 0.48940781704943664, 0.2727272727272727], "mean_squared_errors": [], "mean_squared_log_errors": ["n/a", 0.1506561748293398, 0.07178259332655852, 0.06166739757000534, 0.11486405408153354, 0.12566059252709316, 0.2166531103458581, 0.12132651866621247, 0.18823807466943177, "n/a", 0.0864704543050418, 0.0864704543050418, "n/a", "n/a", 0.13103264015950947], "median_absolute_errors": [0.6127017991117303, 0.26212764558132706, 0.19523402496323827, 0.15403584967104522, 0.4801759206840209, 0.4819277108433735, 0.294133452416822, 0.0, 0.3038547083055566, 0.6433594561656417, 0.28388766754688166, 0.28388766754688166, 0.6424689569697487, 0.41748067831251245, 0.0], "r2_scores": [-1.6719682731307697, 0.046647760168538555, 0.4256291653135923, 0.4830041576860681, 0.06456739494734176, -0.025015316656618047, -0.03221079873235233, -0.0185185185185186, -0.13236717005857024, -6.4975525189686545, 0.31613146161610883, 0.31613146161610883, -1.6721700544548814, -0.5741342900235658, -0.10000000000000009]}